{
    "model": "gait1018",
    "model_path": "model/1018model.xml",
    "sim_steps": 1000,
    "target_scale": 1.0,
    "use_symmetric_params": false,
    "param_dim": 54,
    "num_muscles": 18,
    "kp": {
        "hamstrings_r": 2.7795957,
        "bifemsh_r": 0.2141539,
        "glut_max_r": 4.8286642,
        "iliopsoas_r": 0.061274687,
        "rect_fem_r": 3.1206661,
        "vasti_r": 2.7014524,
        "gastroc_r": 0.039112425,
        "soleus_r": 4.9809416,
        "tib_ant_r": 1.9945115,
        "hamstrings_l": 2.7795957,
        "bifemsh_l": 0.2141539,
        "glut_max_l": 4.8286642,
        "iliopsoas_l": 0.061274687,
        "rect_fem_l": 3.1206661,
        "vasti_l": 2.7014524,
        "gastroc_l": 0.039112425,
        "soleus_l": 4.9809416,
        "tib_ant_l": 1.9945115
    },
    "kd": {
        "hamstrings_r": 2.3630502,
        "bifemsh_r": 1.4848378,
        "glut_max_r": 2.4761387,
        "iliopsoas_r": 0.50564673,
        "rect_fem_r": 1.8316729,
        "vasti_r": 0.58605535,
        "gastroc_r": 1.706002,
        "soleus_r": 1.2522518,
        "tib_ant_r": 1.4420519,
        "hamstrings_l": 2.3630502,
        "bifemsh_l": 1.4848378,
        "glut_max_l": 2.4761387,
        "iliopsoas_l": 0.50564673,
        "rect_fem_l": 1.8316729,
        "vasti_l": 0.58605535,
        "gastroc_l": 1.706002,
        "soleus_l": 1.2522518,
        "tib_ant_l": 1.4420519
    },
    "target_length": {
        "hamstrings_r": 0.4201223480305749,
        "bifemsh_r": 0.24598155950629338,
        "glut_max_r": 0.20950694767158395,
        "iliopsoas_r": 0.26094546743216207,
        "rect_fem_r": 0.47584710435049693,
        "vasti_r": 0.18278673383901273,
        "gastroc_r": 0.45015657892407046,
        "soleus_r": 0.2913979577828231,
        "tib_ant_r": 0.30378507609891625,
        "hamstrings_l": 0.42012234803057485,
        "bifemsh_l": 0.24598155950629344,
        "glut_max_l": 0.20950694767158398,
        "iliopsoas_l": 0.26094546743216207,
        "rect_fem_l": 0.4758471043504969,
        "vasti_l": 0.18278673383901287,
        "gastroc_l": 0.45015657892407057,
        "soleus_l": 0.29139795778282307,
        "tib_ant_l": 0.3037850760989162
    },
    "fallen": false,
    "survived_steps": 1000,
    "total_cost": 0.0,
    "details": {
        "simulation_time": 0.0
    }
}