{
    "model": "gait1018",
    "model_path": "model/1018model.xml",
    "sim_steps": 1000,
    "target_scale": 1.0,
    "use_symmetric_params": false,
    "param_dim": 54,
    "num_muscles": 18,
    "kp": {
        "hamstrings_r": 11.447057788827806,
        "bifemsh_r": 10.736705385807,
        "glut_max_r": 8.379833415780013,
        "iliopsoas_r": 8.510325115799787,
        "rect_fem_r": 12.243241227413819,
        "vasti_r": 13.020649537404097,
        "gastroc_r": 11.697677854044741,
        "soleus_r": 9.698394821880356,
        "tib_ant_r": 12.73004915069032,
        "hamstrings_l": 11.447057788827806,
        "bifemsh_l": 10.736705385807,
        "glut_max_l": 8.379833415780013,
        "iliopsoas_l": 8.510325115799787,
        "rect_fem_l": 12.243241227413819,
        "vasti_l": 13.020649537404097,
        "gastroc_l": 11.697677854044741,
        "soleus_l": 9.698394821880356,
        "tib_ant_l": 12.73004915069032
    },
    "kd": {
        "hamstrings_r": 0.5672356839786517,
        "bifemsh_r": 0.9883024640312215,
        "glut_max_r": 8.762719053298497,
        "iliopsoas_r": 4.820861976809738,
        "rect_fem_r": 0.35661551701414285,
        "vasti_r": 5.43382029098575,
        "gastroc_r": 2.871243381043314,
        "soleus_r": 0.6579245587112381,
        "tib_ant_r": 3.9676162677205866,
        "hamstrings_l": 0.5672356839786517,
        "bifemsh_l": 0.9883024640312215,
        "glut_max_l": 8.762719053298497,
        "iliopsoas_l": 4.820861976809738,
        "rect_fem_l": 0.35661551701414285,
        "vasti_l": 5.43382029098575,
        "gastroc_l": 2.871243381043314,
        "soleus_l": 0.6579245587112381,
        "tib_ant_l": 3.9676162677205866
    },
    "target_length": {
        "hamstrings_r": 0.4201223480305749,
        "bifemsh_r": 0.24598155950629338,
        "glut_max_r": 0.20950694767158395,
        "iliopsoas_r": 0.26094546743216207,
        "rect_fem_r": 0.47584710435049693,
        "vasti_r": 0.18278673383901273,
        "gastroc_r": 0.45015657892407046,
        "soleus_r": 0.2913979577828231,
        "tib_ant_r": 0.30378507609891625,
        "hamstrings_l": 0.42012234803057485,
        "bifemsh_l": 0.24598155950629344,
        "glut_max_l": 0.20950694767158398,
        "iliopsoas_l": 0.26094546743216207,
        "rect_fem_l": 0.4758471043504969,
        "vasti_l": 0.18278673383901287,
        "gastroc_l": 0.45015657892407057,
        "soleus_l": 0.29139795778282307,
        "tib_ant_l": 0.3037850760989162
    },
    "fallen": false,
    "survived_steps": 1000,
    "total_cost": 0.0,
    "details": {
        "simulation_time": 0.0
    }
}