{
    "model": "gait1018",
    "model_path": "model/1018model.xml",
    "sim_steps": 1000,
    "target_scale": 1.0,
    "use_symmetric_params": false,
    "param_dim": 54,
    "num_muscles": 18,
    "kp": {
        "hamstrings_r": 0.33365813,
        "bifemsh_r": 0.026949867,
        "glut_max_r": 2.6429699,
        "iliopsoas_r": 1.3002519,
        "rect_fem_r": 0.17915386,
        "vasti_r": 0.65738459,
        "gastroc_r": 0.58488922,
        "soleus_r": 1.8594319,
        "tib_ant_r": 0.28289618,
        "hamstrings_l": 0.33365813,
        "bifemsh_l": 0.026949867,
        "glut_max_l": 2.6429699,
        "iliopsoas_l": 1.3002519,
        "rect_fem_l": 0.17915386,
        "vasti_l": 0.65738459,
        "gastroc_l": 0.58488922,
        "soleus_l": 1.8594319,
        "tib_ant_l": 0.28289618
    },
    "kd": {
        "hamstrings_r": 0.54242536,
        "bifemsh_r": 0.48003699,
        "glut_max_r": 0.45182191,
        "iliopsoas_r": 1.8708746,
        "rect_fem_r": 1.7709637,
        "vasti_r": 1.7434148,
        "gastroc_r": 1.1757897,
        "soleus_r": 0.43283582,
        "tib_ant_r": 0.58459902,
        "hamstrings_l": 0.54242536,
        "bifemsh_l": 0.48003699,
        "glut_max_l": 0.45182191,
        "iliopsoas_l": 1.8708746,
        "rect_fem_l": 1.7709637,
        "vasti_l": 1.7434148,
        "gastroc_l": 1.1757897,
        "soleus_l": 0.43283582,
        "tib_ant_l": 0.58459902
    },
    "target_length": {
        "hamstrings_r": 0.4201223480305749,
        "bifemsh_r": 0.24598155950629338,
        "glut_max_r": 0.20950694767158395,
        "iliopsoas_r": 0.26094546743216207,
        "rect_fem_r": 0.47584710435049693,
        "vasti_r": 0.18278673383901273,
        "gastroc_r": 0.45015657892407046,
        "soleus_r": 0.2913979577828231,
        "tib_ant_r": 0.30378507609891625,
        "hamstrings_l": 0.42012234803057485,
        "bifemsh_l": 0.24598155950629344,
        "glut_max_l": 0.20950694767158398,
        "iliopsoas_l": 0.26094546743216207,
        "rect_fem_l": 0.4758471043504969,
        "vasti_l": 0.18278673383901287,
        "gastroc_l": 0.45015657892407057,
        "soleus_l": 0.29139795778282307,
        "tib_ant_l": 0.3037850760989162
    },
    "fallen": false,
    "survived_steps": 1000,
    "total_cost": 0.0,
    "details": {
        "simulation_time": 0.0
    }
}