{
    "model": "gait1018",
    "model_path": "model/1018model.xml",
    "sim_steps": 1000,
    "target_scale": 1.0,
    "use_symmetric_params": false,
    "param_dim": 54,
    "num_muscles": 18,
    "kp": {
        "hamstrings_r": 17.06927876,
        "bifemsh_r": 29.99837025,
        "glut_max_r": 24.72185375,
        "iliopsoas_r": 29.35740303,
        "rect_fem_r": 8.62979253,
        "vasti_r": 6.27585542,
        "gastroc_r": 21.50939609,
        "soleus_r": 29.98372538,
        "tib_ant_r": 29.66095992,
        "hamstrings_l": 17.06927876,
        "bifemsh_l": 29.99837025,
        "glut_max_l": 24.72185375,
        "iliopsoas_l": 29.35740303,
        "rect_fem_l": 8.62979253,
        "vasti_l": 6.27585542,
        "gastroc_l": 21.50939609,
        "soleus_l": 29.98372538,
        "tib_ant_l": 29.66095992
    },
    "kd": {
        "hamstrings_r": 0.773892205,
        "bifemsh_r": 0.105027026,
        "glut_max_r": 4.70567262,
        "iliopsoas_r": 3.98751363,
        "rect_fem_r": 0.0471431751,
        "vasti_r": 16.4009975,
        "gastroc_r": 0.00012847325,
        "soleus_r": 0.0108955468,
        "tib_ant_r": 18.2729028,
        "hamstrings_l": 0.773892205,
        "bifemsh_l": 0.105027026,
        "glut_max_l": 4.70567262,
        "iliopsoas_l": 3.98751363,
        "rect_fem_l": 0.0471431751,
        "vasti_l": 16.4009975,
        "gastroc_l": 0.00012847325,
        "soleus_l": 0.0108955468,
        "tib_ant_l": 18.2729028
    },
    "target_length": {
        "hamstrings_r": 0.52101279,
        "bifemsh_r": 0.24902143,
        "glut_max_r": 0.19437219,
        "iliopsoas_r": 0.24587474,
        "rect_fem_r": 0.49891583,
        "vasti_r": 0.17317089,
        "gastroc_r": 0.4924985,
        "soleus_r": 0.2789571,
        "tib_ant_r": 0.29875374,
        "hamstrings_l": 0.52101279,
        "bifemsh_l": 0.24902143,
        "glut_max_l": 0.19437219,
        "iliopsoas_l": 0.24587474,
        "rect_fem_l": 0.49891583,
        "vasti_l": 0.17317089,
        "gastroc_l": 0.4924985,
        "soleus_l": 0.2789571,
        "tib_ant_l": 0.29875374
    },
    "fallen": false,
    "survived_steps": 1000,
    "total_cost": 0.0,
    "details": {
        "simulation_time": 0.0
    }
}